//X,Y,Z,R,G,B,Point_Source_ID,Scan_Angle_Rank,Flightline_Edge,Scan_Direction,Number_of_Returns,Return_Number,Time,Intensity,Classification,Type
315718.655,234793.021,7.99700022,255,0,255,12,-19,0,1,2,1,392193.1866,135,4,door
315718.719,234793.0811,7.78999996,255,0,255,12,-19,0,1,2,1,392193.1866,140,4,door
315718.812,234793.1812,7.75899982,255,0,255,12,-19,0,1,2,1,392193.1867,51,4,door
315718.429,234792.6831,5.93200016,255,0,255,12,-19,0,1,2,2,392193.1867,79,4,door
315718.895,234793.2661,7.66499996,255,0,255,12,-19,0,1,2,1,392193.1867,12,4,door
315718.775,234793.1729,7.85699987,255,0,255,13,-3,0,1,3,2,392484.5151,82,4,door
315718.864,234793.2759,7.86800003,255,0,255,13,-3,0,1,2,1,392484.5151,21,4,door
315718.345,234792.833,7.89499998,255,0,255,13,-3,0,1,2,1,392484.5245,19,4,door
315718.342,234792.8091,7.52799988,255,0,255,13,-3,0,1,2,2,392484.5245,49,4,door
315718.431,234792.9321,7.88399982,255,0,255,13,-3,0,1,2,1,392484.5245,27,4,door
315718.524,234793.0391,7.89499998,255,0,255,13,-3,0,1,2,1,392484.5245,9,4,door
315719.1479,234791.8301,5.06799984,255,0,255,15,27,0,1,3,3,393036.5544,11,4,door
315719.307,234791.6821,5.08500004,255,0,255,15,27,0,1,3,3,393036.5451,8,4,door
315719.312,234791.502,5.13600016,255,0,255,15,27,0,1,3,3,393036.5359,17,4,door
315719.431,234791.6362,5.09700012,255,0,255,15,27,0,1,2,2,393036.5359,9,4,door
315719.512,234791.2319,5.15899992,255,0,255,15,27,0,1,3,3,393036.5171,17,4,door
315719.613,234791.3481,5.17799997,255,0,255,15,27,0,1,3,3,393036.5171,8,4,door
315719.651,234791.0562,5.14400005,255,0,255,15,27,0,1,2,2,393036.5076,18,4,door
315719.6949,234790.957,5.14799976,255,0,255,15,27,0,1,3,3,393036.4983,69,4,door
315719.79,234791.0669,5.19000006,255,0,255,15,27,0,1,3,3,393036.4983,18,4,door
315718.476,234792.9321,7.71099997,255,0,255,21,-21,0,1,2,1,394528.3117,210,4,door
315718.8409,234792.1758,5.55999994,255,0,255,21,-21,0,1,2,2,394528.3117,21,4,door
315718.7841,234792.3062,5.49499989,255,0,255,21,-21,0,1,1,1,394528.3117,328,2,door
315718.717,234792.4541,5.49900007,255,0,255,21,-21,0,1,1,1,394528.3117,342,2,door
315718.656,234792.5898,5.48000002,255,0,255,21,-21,0,1,1,1,394528.3117,186,2,door
315718.61,234793.043,7.88199997,255,0,255,21,-21,0,1,1,1,394528.3022,293,4,door
315718.944,234792.3608,5.49100018,255,0,255,21,-21,0,1,1,1,394528.3022,310,2,door
315718.88,234792.5049,5.49800014,255,0,255,21,-21,0,1,1,1,394528.3022,303,2,door
315718.816,234792.647,5.47800016,255,0,255,21,-21,0,1,1,1,394528.3022,155,2,door
315718.793,234793.1992,7.85300016,255,0,255,21,-21,0,1,1,1,394528.293,328,4,door
315719.124,234792.5249,5.50199986,255,0,255,21,-21,0,1,1,1,394528.293,267,2,door
315719.062,234792.6611,5.49499989,255,0,255,21,-21,0,1,1,1,394528.293,359,2,door
315718.9969,234792.8062,5.48600006,255,0,255,21,-21,0,1,1,1,394528.293,180,2,door
315718.911,234793.2959,7.67000008,255,0,255,21,-21,0,1,2,1,394528.2834,214,4,door
315719.277,234792.5371,5.51000023,255,0,255,21,-21,0,1,2,2,394528.2834,65,2,door
315719.213,234792.6812,5.49300003,255,0,255,21,-21,0,1,1,1,394528.2834,296,2,door
315719.15,234792.8218,5.5,255,0,255,21,-21,0,1,1,1,394528.2834,329,2,door
315719.082,234792.9741,5.47800016,255,0,255,21,-21,0,1,1,1,394528.2837,321,2,door
315719.161,234793.459,7.86999989,255,0,255,21,-21,0,1,1,1,394528.2742,309,4,door
315719.1379,234793.5181,7.61600018,255,0,255,21,-21,0,1,3,1,394528.2742,33,4,door
315719.235,234793.3179,7.046,255,0,255,21,-21,0,1,3,2,394528.2742,87,4,door
315719.4821,234792.8071,5.59100008,255,0,255,21,-21,0,1,3,3,394528.2742,20,4,door
315719.214,234793.3711,6.79300022,255,0,255,21,-21,0,1,2,1,394528.2742,99,4,door
315719.429,234792.9268,5.52799988,255,0,255,21,-21,0,1,2,2,394528.2742,18,4,door
315719.223,234793.3652,6.31699991,255,0,255,21,-21,0,1,1,1,394528.2742,111,4,door
315719.2271,234793.3682,5.88999987,255,0,255,21,-21,0,1,1,1,394528.2742,110,4,door
315718.833,234793.2222,7.96600008,255,0,255,22,-6,0,1,2,1,394845.2981,135,4,door
315719.005,234793.3882,7.71600008,255,0,255,22,-6,0,1,2,1,394845.2888,20,4,door
315718.447,234792.9512,7.73899984,255,0,255,22,-6,0,1,2,1,394845.3264,60,4,door
315725.6899,234792.061,5.32200003,255,0,255,12,-18,0,1,2,2,392192.8305,15,4,door
315724.798,234796.564,5.49300003,255,0,255,12,-18,0,1,2,2,392193.0649,18,4,door
315724.902,234796.6782,5.50199986,255,0,255,12,-18,0,1,2,2,392193.0649,11,4,door
315725.473,234797.2588,8.5010004,255,0,255,12,-18,0,1,2,1,392193.0555,100,4,door
315724.884,234796.4849,5.46999979,255,0,255,12,-18,0,1,2,2,392193.0555,95,2,door
315724.979,234796.5889,5.46099997,255,0,255,12,-18,0,1,1,1,392193.0555,210,2,door
315725.089,234796.708,5.46700001,255,0,255,12,-18,0,1,1,1,392193.0555,256,2,door
315725.189,234796.8159,5.46500015,255,0,255,12,-18,0,1,2,2,392193.0555,195,2,door
315725.292,234796.9282,5.47599983,255,0,255,12,-18,0,1,2,2,392193.0555,326,2,door
315725.615,234797.1108,8.49800014,255,0,255,12,-18,0,1,2,1,392193.0462,23,4,door
315725.027,234796.3389,5.4749999,255,0,255,12,-18,0,1,2,2,392193.0462,223,2,door
315725.126,234796.4468,5.47100019,255,0,255,12,-18,0,1,1,1,392193.0462,217,2,door
315725.236,234796.5659,5.4749999,255,0,255,12,-18,0,1,1,1,392193.0462,199,2,door
315725.3311,234796.6689,5.46899986,255,0,255,12,-18,0,1,1,1,392193.0462,198,2,door
315725.432,234796.7778,5.46600008,255,0,255,12,-18,0,1,1,1,392193.0462,152,2,door
315726.08,234797.606,8.31000042,255,0,255,12,-18,0,1,2,1,392193.0462,30,4,door
315725.532,234796.8872,5.47399998,255,0,255,12,-18,0,1,2,2,392193.0462,405,2,door
315725.6379,234797,5.46400023,255,0,255,12,-18,0,1,1,1,392193.0462,189,2,door
315726.283,234797.8242,8.27999973,255,0,255,12,-18,0,1,2,1,392193.0462,22,4,door
315725.74,234797.1108,5.45699978,255,0,255,12,-18,0,1,2,2,392193.0462,115,2,door
315726.3831,234797.9321,8.26500034,255,0,255,12,-17,0,1,2,1,392193.0462,54,4,door
315725.845,234797.2251,5.46099997,255,0,255,12,-17,0,1,2,2,392193.0462,135,2,door
315725.1169,234796.2441,5.46600008,255,0,255,12,-18,0,1,1,1,392193.0368,153,2,door
315725.2209,234796.356,5.46000004,255,0,255,12,-18,0,1,1,1,392193.0368,159,2,door
315725.324,234796.4678,5.4749999,255,0,255,12,-18,0,1,1,1,392193.0368,232,2,door
315725.426,234796.5781,5.46400023,255,0,255,12,-18,0,1,1,1,392193.0368,210,2,door
315725.524,234796.6851,5.46799994,255,0,255,12,-18,0,1,1,1,392193.0368,222,2,door
315725.6281,234796.7969,5.46899986,255,0,255,12,-18,0,1,1,1,392193.0368,341,2,door
315725.729,234796.9072,5.47200012,255,0,255,12,-18,0,1,1,1,392193.0368,157,2,door
315725.838,234797.0239,5.46899986,255,0,255,12,-18,0,1,1,1,392193.0368,118,2,door
315725.937,234797.1309,5.46600008,255,0,255,12,-17,0,1,1,1,392193.0368,112,2,door
315726.9871,234798.394,8.28999996,255,0,255,12,-17,0,1,2,1,392193.0368,15,4,door
315725.949,234796.731,5.45300007,255,0,255,12,-18,0,1,1,1,392193.018,87,2,door
315726.05,234796.8408,5.46099997,255,0,255,12,-18,0,1,2,1,392193.018,119,4,door
315725.76,234796.8979,8.53600025,255,0,255,12,-18,0,1,2,1,392193.0274,72,4,door
315725.162,234796.1152,5.46899986,255,0,255,12,-18,0,1,2,2,392193.0274,84,2,door
315725.257,234796.2168,5.46299982,255,0,255,12,-18,0,1,1,1,392193.0274,192,2,door
315725.365,234796.334,5.45499992,255,0,255,12,-18,0,1,1,1,392193.0274,148,2,door
315725.464,234796.4409,5.46400023,255,0,255,12,-18,0,1,1,1,392193.0274,192,2,door
315725.5699,234796.5562,5.47100019,255,0,255,12,-18,0,1,1,1,392193.0274,236,2,door
315725.663,234796.6572,5.46400023,255,0,255,12,-18,0,1,1,1,392193.0274,303,2,door
315725.769,234796.771,5.45599985,255,0,255,12,-18,0,1,1,1,392193.0274,138,2,door
315725.873,234796.8838,5.454,255,0,255,12,-18,0,1,1,1,392193.0274,106,2,door
315725.981,234797.001,5.45599985,255,0,255,12,-17,0,1,1,1,392193.0274,118,2,door
315725.996,234796.582,8.61999989,255,0,255,12,-18,0,1,2,1,392193.0086,123,4,door
315725.38,234795.7759,5.46600008,255,0,255,12,-18,0,1,2,2,392193.0086,16,2,door
315725.484,234795.8882,5.45699978,255,0,255,12,-18,0,1,1,1,392193.0086,232,2,door
315725.5861,234795.998,5.46099997,255,0,255,12,-18,0,1,1,1,392193.0086,220,2,door
315725.689,234796.1089,5.454,255,0,255,12,-18,0,1,1,1,392193.0086,204,2,door
315725.788,234796.2168,5.46500015,255,0,255,12,-18,0,1,1,1,392193.0086,219,2,door
315725.889,234796.3262,5.45100021,255,0,255,12,-18,0,1,1,1,392193.0086,195,2,door
315725.99,234796.4351,5.45599985,255,0,255,12,-18,0,1,1,1,392193.0086,228,2,door
315726.1,234796.5542,5.45300007,255,0,255,12,-18,0,1,1,1,392193.0086,424,2,door
315726.2,234796.6621,5.45599985,255,0,255,12,-18,0,1,1,1,392193.0086,134,2,door
315725.849,234796.7642,8.63700008,255,0,255,12,-18,0,1,1,1,392193.018,142,4,door
315725.333,234796.0659,5.46500015,255,0,255,12,-18,0,1,1,1,392193.018,177,2,door
315725.437,234796.1768,5.46799994,255,0,255,12,-18,0,1,1,1,392193.018,214,2,door
315725.536,234796.2852,5.45699978,255,0,255,12,-18,0,1,1,1,392193.018,223,2,door
315725.637,234796.3931,5.45900011,255,0,255,12,-18,0,1,1,1,392193.018,223,2,door
315725.74,234796.5049,5.46500015,255,0,255,12,-18,0,1,1,1,392193.018,289,2,door
315725.84,234796.6138,5.45599985,255,0,255,12,-18,0,1,1,1,392193.018,333,2,door
315724.796,234795.0088,5.40899992,255,0,255,12,-18,0,1,3,3,392192.9992,22,4,door
315725.524,234795.7988,5.45200014,255,0,255,12,-18,0,1,1,1,392192.9992,241,2,door
315725.635,234795.9189,5.454,255,0,255,12,-18,0,1,1,1,392192.9994,270,2,door
315725.7321,234796.0239,5.45599985,255,0,255,12,-18,0,1,1,1,392192.9994,122,2,door
315725.835,234796.1362,5.45499992,255,0,255,12,-18,0,1,1,1,392192.9994,250,2,door
315725.932,234796.2402,5.45800018,255,0,255,12,-18,0,1,1,1,392192.9994,251,2,door
315726.04,234796.3579,5.46500015,255,0,255,12,-18,0,1,1,1,392192.9994,379,2,door
315726.142,234796.4678,5.45499992,255,0,255,12,-18,0,1,1,1,392192.9994,260,2,door
315726.2469,234796.5811,5.44299984,255,0,255,12,-18,0,1,1,1,392192.9994,111,2,door
315724.853,234794.8188,5.41300011,255,0,255,12,-18,0,1,2,2,392192.99,86,4,door
315725.599,234795.77,8.65799999,255,0,255,12,-18,0,1,2,2,392192.99,7,4,door
315726.179,234796.3921,8.50899982,255,0,255,12,-18,0,1,2,1,392192.99,68,4,door
315725.582,234795.6099,5.44999981,255,0,255,12,-18,0,1,2,2,392192.99,56,2,door
315725.686,234795.7222,5.43900013,255,0,255,12,-18,0,1,1,1,392192.99,93,2,door
315725.786,234795.8301,5.43300009,255,0,255,12,-18,0,1,1,1,392192.99,85,2,door
315725.886,234795.939,5.4460001,255,0,255,12,-18,0,1,1,1,392192.99,63,2,door
315725.986,234796.0469,5.44500017,255,0,255,12,-18,0,1,1,1,392192.99,226,2,door
315726.098,234796.168,5.45800018,255,0,255,12,-18,0,1,1,1,392192.99,285,2,door
315726.203,234796.2822,5.45200014,255,0,255,12,-18,0,1,1,1,392192.99,233,2,door
315726.302,234796.3901,5.46000004,255,0,255,12,-18,0,1,1,1,392192.99,122,2,door
315726.41,234796.5059,5.4460001,255,0,255,12,-18,0,1,1,1,392192.99,106,2,door
315724.881,234794.6738,5.38600016,255,0,255,12,-18,0,1,3,3,392192.9806,23,4,door
315726.2469,234796.2959,8.66399956,255,0,255,12,-18,0,1,2,1,392192.9806,138,4,door
315725.634,234795.4941,5.52699995,255,0,255,12,-18,0,1,2,2,392192.9806,8,2,door
315725.7209,234795.5859,5.45100021,255,0,255,12,-18,0,1,1,1,392192.9806,303,2,door
315725.826,234795.6992,5.44199991,255,0,255,12,-18,0,1,1,1,392192.9806,63,2,door
315725.921,234795.8008,5.43200016,255,0,255,12,-18,0,1,1,1,392192.9806,28,2,door
315726.025,234795.915,5.45699978,255,0,255,12,-18,0,1,1,1,392192.9806,146,2,door
315726.126,234796.0229,5.44899988,255,0,255,12,-18,0,1,1,1,392192.9806,206,2,door
315726.239,234796.146,5.454,255,0,255,12,-18,0,1,1,1,392192.9806,259,2,door
315726.337,234796.251,5.44500017,255,0,255,12,-18,0,1,1,1,392192.9806,99,2,door
315726.443,234796.3662,5.44799995,255,0,255,12,-18,0,1,1,1,392192.9806,135,2,door
315725.1541,234794.4731,5.39799976,255,0,255,12,-18,0,1,2,2,392192.9618,62,4,door
315726.476,234796.0381,8.47999954,255,0,255,12,-18,0,1,2,1,392192.9618,12,4,door
315725.885,234795.2661,5.46000004,255,0,255,12,-18,0,1,2,2,392192.9618,254,2,door
315725.989,234795.3779,5.45599985,255,0,255,12,-18,0,1,1,1,392192.9618,270,2,door
315726.085,234795.4819,5.45599985,255,0,255,12,-18,0,1,1,1,392192.9618,218,2,door
315726.187,234795.5928,5.45699978,255,0,255,12,-18,0,1,1,1,392192.9618,229,2,door
315726.291,234795.7051,5.44899988,255,0,255,12,-18,0,1,1,1,392192.9618,186,2,door
315726.401,234795.8242,5.45599985,255,0,255,12,-18,0,1,1,1,392192.9618,333,2,door
315726.499,234795.9302,5.46000004,255,0,255,12,-18,0,1,1,1,392192.9618,161,2,door
315726.605,234796.0439,5.45200014,255,0,255,12,-18,0,1,1,1,392192.9618,180,2,door
315726.704,234796.1519,5.45100021,255,0,255,12,-18,0,1,1,1,392192.9618,242,2,door
315725.004,234794.5132,5.3829999,255,0,255,12,-18,0,1,2,2,392192.9712,16,4,door
315725.845,234795.4258,5.45499992,255,0,255,12,-18,0,1,1,1,392192.9712,229,2,door
315725.9449,234795.5332,5.454,255,0,255,12,-18,0,1,1,1,392192.9712,36,2,door
315726.045,234795.6421,5.44099998,255,0,255,12,-18,0,1,1,1,392192.9712,53,2,door
315726.142,234795.7471,5.45200014,255,0,255,12,-18,0,1,1,1,392192.9712,162,2,door
315726.2531,234795.8672,5.45499992,255,0,255,12,-18,0,1,1,1,392192.9712,242,2,door
315726.355,234795.9771,5.44999981,255,0,255,12,-18,0,1,1,1,392192.9712,333,2,door
315726.462,234796.0928,5.454,255,0,255,12,-18,0,1,1,1,392192.9712,135,2,door
315726.559,234796.1982,5.44299984,255,0,255,12,-18,0,1,1,1,392192.9712,170,2,door
315725.196,234794.2998,5.38800001,255,0,255,12,-18,0,1,3,3,392192.9524,48,4,door
315726.552,234795.9092,8.63700008,255,0,255,12,-18,0,1,2,1,392192.9524,117,4,door
315725.932,234795.1001,5.47300005,255,0,255,12,-18,0,1,2,2,392192.9524,14,2,door
315726.031,234795.2051,5.4460001,255,0,255,12,-18,0,1,1,1,392192.9525,321,2,door
315726.1281,234795.311,5.44199991,255,0,255,12,-18,0,1,1,1,392192.9525,242,2,door
315726.233,234795.4238,5.44899988,255,0,255,12,-18,0,1,1,1,392192.9525,168,2,door
315726.337,234795.5361,5.45499992,255,0,255,12,-18,0,1,1,1,392192.9525,220,2,door
315726.444,234795.6519,5.45800018,255,0,255,12,-18,0,1,1,1,392192.9525,289,2,door
315726.545,234795.7612,5.4460001,255,0,255,12,-18,0,1,1,1,392192.9525,270,2,door
315726.651,234795.876,5.45100021,255,0,255,12,-18,0,1,1,1,392192.9525,220,2,door
315726.752,234795.9849,5.44500017,255,0,255,12,-18,0,1,1,1,392192.9525,214,2,door
315726.067,234795.0708,5.46099997,255,0,255,12,-18,0,1,1,1,392192.9431,248,2,door
315726.167,234795.1792,5.45100021,255,0,255,12,-18,0,1,1,1,392192.9431,307,2,door
315726.267,234795.2861,5.45100021,255,0,255,12,-18,0,1,1,1,392192.9431,226,2,door
315726.376,234795.4038,5.45200014,255,0,255,12,-18,0,1,1,1,392192.9431,282,2,door
315726.48,234795.5171,5.45499992,255,0,255,12,-18,0,1,1,1,392192.9431,270,2,door
315726.582,234795.627,5.45599985,255,0,255,12,-18,0,1,1,1,392192.9431,368,2,door
315726.687,234795.7402,5.4460001,255,0,255,12,-18,0,1,1,1,392192.9431,164,2,door
315726.788,234795.8501,5.44399977,255,0,255,12,-18,0,1,1,1,392192.9431,388,2,door
315726.23,234794.8159,5.45599985,255,0,255,12,-18,0,1,2,2,392192.9243,249,2,door
315726.332,234794.9258,5.45699978,255,0,255,12,-18,0,1,1,1,392192.9243,244,2,door
315726.4301,234795.0322,5.45200014,255,0,255,12,-18,0,1,1,1,392192.9243,239,2,door
315726.537,234795.147,5.44199991,255,0,255,12,-18,0,1,1,1,392192.9243,144,2,door
315726.644,234795.2632,5.45100021,255,0,255,12,-18,0,1,1,1,392192.9243,195,2,door
315726.746,234795.373,5.45300007,255,0,255,12,-18,0,1,1,1,392192.9243,385,2,door
315726.849,234795.4839,5.44399977,255,0,255,12,-18,0,1,1,1,392192.9243,151,2,door
315726.952,234795.5952,5.44500017,255,0,255,12,-18,0,1,1,1,392192.9243,151,2,door
315726.203,234794.9082,5.45599985,255,0,255,12,-18,0,1,1,1,392192.9337,251,2,door
315726.3,234795.0122,5.44700003,255,0,255,12,-18,0,1,1,1,392192.9337,219,2,door
315726.402,234795.1221,5.44199991,255,0,255,12,-18,0,1,1,1,392192.9337,192,2,door
315726.506,234795.2349,5.454,255,0,255,12,-18,0,1,1,1,392192.9337,141,2,door
315726.614,234795.3511,5.44799995,255,0,255,12,-18,0,1,1,1,392192.9337,239,2,door
315726.715,234795.4609,5.45100021,255,0,255,12,-18,0,1,1,1,392192.9337,329,2,door
315726.822,234795.5771,5.44700003,255,0,255,12,-18,0,1,1,1,392192.9337,239,2,door
315726.92,234795.6821,5.44099998,255,0,255,12,-18,0,1,1,1,392192.9337,167,2,door
315726.911,234795.4448,8.63099957,255,0,255,12,-18,0,1,2,1,392192.9149,117,4,door
315726.2791,234794.6221,5.41300011,255,0,255,12,-18,0,1,2,2,392192.9149,10,4,door
315726.389,234794.7422,5.45599985,255,0,255,12,-18,0,1,1,1,392192.9149,195,2,door
315726.484,234794.8452,5.45699978,255,0,255,12,-18,0,1,1,1,392192.9149,274,2,door
315726.593,234794.9619,5.45499992,255,0,255,12,-18,0,1,1,1,392192.9149,226,2,door
315726.701,234795.0781,5.44799995,255,0,255,12,-18,0,1,1,1,392192.9149,155,2,door
315726.803,234795.189,5.45300007,255,0,255,12,-18,0,1,1,1,392192.9149,225,2,door
315726.905,234795.2988,5.44899988,255,0,255,12,-18,0,1,1,1,392192.9149,278,2,door
315727.007,234795.4102,5.45300007,255,0,255,12,-18,0,1,1,1,392192.9149,226,2,door
315727.105,234795.5151,5.44399977,255,0,255,12,-18,0,1,1,1,392192.9149,96,2,door
315726.827,234795.5942,8.5,255,0,255,12,-18,0,1,2,1,392192.9243,30,4,door
315726.9969,234795.3462,8.64799976,255,0,255,12,-18,0,1,1,1,392192.9055,143,4,door
315726.465,234794.6318,5.44799995,255,0,255,12,-18,0,1,1,1,392192.9055,151,2,door
315726.566,234794.7412,5.44999981,255,0,255,12,-18,0,1,1,1,392192.9056,217,2,door
315726.6689,234794.8521,5.454,255,0,255,12,-18,0,1,1,1,392192.9056,220,2,door
315726.7791,234794.9702,5.44099998,255,0,255,12,-18,0,1,1,1,392192.9056,189,2,door
315726.88,234795.0791,5.44700003,255,0,255,12,-18,0,1,1,1,392192.9056,213,2,door
315726.985,234795.1929,5.44799995,255,0,255,12,-18,0,1,1,1,392192.9056,192,2,door
315727.084,234795.3008,5.44799995,255,0,255,12,-18,0,1,1,1,392192.9056,204,2,door
315727.187,234795.4111,5.44299984,255,0,255,12,-18,0,1,1,1,392192.9056,162,2,door
315727.1949,234795.106,8.60200024,255,0,255,12,-18,0,1,2,1,392192.8868,103,4,door
315726.58,234794.3062,5.47399998,255,0,255,12,-18,0,1,2,2,392192.8868,26,2,door
315726.674,234794.4058,5.44000006,255,0,255,12,-18,0,1,1,1,392192.8868,70,2,door
315726.771,234794.5112,5.44000006,255,0,255,12,-18,0,1,1,1,392192.8868,56,2,door
315726.8831,234794.6318,5.45100021,255,0,255,12,-18,0,1,1,1,392192.8868,226,2,door
315726.989,234794.7461,5.44500017,255,0,255,12,-18,0,1,1,1,392192.8868,133,2,door
315727.09,234794.855,5.44500017,255,0,255,12,-18,0,1,1,1,392192.8868,241,2,door
315727.193,234794.9658,5.43499994,255,0,255,12,-18,0,1,1,1,392192.8868,117,2,door
315727.295,234795.0762,5.44000006,255,0,255,12,-18,0,1,1,1,392192.8868,181,2,door
315727.396,234795.186,5.44999981,255,0,255,12,-18,0,1,1,1,392192.8868,323,2,door
315727.118,234795.187,8.62699986,255,0,255,12,-18,0,1,2,1,392192.8962,100,4,door
315726.502,234794.3828,5.48899984,255,0,255,12,-18,0,1,2,2,392192.8962,9,2,door
315726.6,234794.4878,5.45499992,255,0,255,12,-18,0,1,1,1,392192.8962,66,2,door
315726.694,234794.5889,5.44899988,255,0,255,12,-18,0,1,1,1,392192.8962,143,2,door
315726.803,234794.707,5.44899988,255,0,255,12,-18,0,1,1,1,392192.8962,134,2,door
315726.9091,234794.8218,5.44899988,255,0,255,12,-18,0,1,1,1,392192.8962,155,2,door
315727.014,234794.9351,5.45499992,255,0,255,12,-18,0,1,1,1,392192.8962,203,2,door
315727.115,234795.0439,5.44700003,255,0,255,12,-18,0,1,1,1,392192.8962,157,2,door
315727.22,234795.1582,5.45800018,255,0,255,12,-18,0,1,1,1,392192.8962,209,2,door
315727.317,234795.2612,5.44799995,255,0,255,12,-18,0,1,1,1,392192.8962,130,2,door
315726.714,234794.252,5.44000006,255,0,255,12,-18,0,1,1,1,392192.8774,136,2,door
315726.819,234794.3672,5.44899988,255,0,255,12,-18,0,1,1,1,392192.8774,165,2,door
315726.924,234794.48,5.45900011,255,0,255,12,-18,0,1,1,1,392192.8774,247,2,door
315727.03,234794.5952,5.45300007,255,0,255,12,-18,0,1,1,1,392192.8774,186,2,door
315727.13,234794.7021,5.44999981,255,0,255,12,-18,0,1,1,1,392192.8774,223,2,door
315727.24,234794.8208,5.45100021,255,0,255,12,-18,0,1,1,1,392192.8774,164,2,door
315727.335,234794.9238,5.44399977,255,0,255,12,-18,0,1,1,1,392192.8774,151,2,door
315727.437,234795.0332,5.44099998,255,0,255,12,-18,0,1,1,1,392192.8774,157,2,door
315727.6591,234794.7358,5.45200014,255,0,255,12,-18,0,1,1,1,392192.8587,324,2,door
315726.0341,234793.3291,5.35300016,255,0,255,12,-18,0,1,2,2,392192.868,36,4,door
315727.377,234794.915,8.48999977,255,0,255,12,-18,0,1,2,1,392192.868,18,4,door
315726.778,234794.1372,5.4460001,255,0,255,12,-18,0,1,2,2,392192.868,177,2,door
315726.876,234794.2432,5.44799995,255,0,255,12,-18,0,1,1,1,392192.868,260,2,door
315726.988,234794.3638,5.45200014,255,0,255,12,-18,0,1,1,1,392192.868,288,2,door
315727.09,234794.4741,5.45100021,255,0,255,12,-18,0,1,1,1,392192.868,292,2,door
315727.193,234794.585,5.44700003,255,0,255,12,-18,0,1,1,1,392192.868,224,2,door
315727.3,234794.7002,5.45300007,255,0,255,12,-18,0,1,1,1,392192.868,440,2,door
315727.402,234794.8101,5.44899988,255,0,255,12,-18,0,1,1,1,392192.868,288,2,door
315727.496,234794.9121,5.44799995,255,0,255,12,-18,0,1,1,1,392192.868,162,2,door
315727.566,234794.6572,8.51099968,255,0,255,12,-18,0,1,2,1,392192.8493,34,4,door
315726.965,234793.876,5.46099997,255,0,255,12,-18,0,1,2,2,392192.8493,123,2,door
315727.066,234793.9849,5.45100021,255,0,255,12,-18,0,1,1,1,392192.8493,200,2,door
315727.171,234794.0991,5.44799995,255,0,255,12,-18,0,1,1,1,392192.8493,191,2,door
315727.28,234794.2158,5.44899988,255,0,255,12,-18,0,1,1,1,392192.8493,189,2,door
315727.3781,234794.3218,5.45599985,255,0,255,12,-18,0,1,1,1,392192.8493,254,2,door
315727.486,234794.439,5.45499992,255,0,255,12,-18,0,1,1,1,392192.8493,364,2,door
315727.588,234794.5479,5.45300007,255,0,255,12,-18,0,1,1,1,392192.8493,210,2,door
315727.688,234794.6572,5.45300007,255,0,255,12,-18,0,1,1,1,392192.8493,248,2,door
315726.938,234793.957,5.44299984,255,0,255,12,-18,0,1,1,1,392192.8586,172,2,door
315727.037,234794.064,5.44399977,255,0,255,12,-18,0,1,2,1,392192.8586,154,4,door
315727.1479,234794.1841,5.45100021,255,0,255,12,-18,0,1,1,1,392192.8586,189,2,door
315727.251,234794.2959,5.44799995,255,0,255,12,-18,0,1,1,1,392192.8587,263,2,door
315727.354,234794.4058,5.44899988,255,0,255,12,-18,0,1,2,1,392192.8587,156,4,door
315727.46,234794.52,5.44700003,255,0,255,12,-18,0,1,1,1,392192.8587,245,2,door
315727.563,234794.6328,5.454,255,0,255,12,-18,0,1,1,1,392192.8587,260,2,door
315727.65,234794.52,8.68000031,255,0,255,12,-18,0,1,1,1,392192.8399,133,4,door
315727.109,234793.7959,5.45699978,255,0,255,12,-18,0,1,1,1,392192.8399,186,2,door
315727.218,234793.9131,5.44899988,255,0,255,12,-18,0,1,1,1,392192.8399,200,2,door
315727.324,234794.0278,5.45300007,255,0,255,12,-18,0,1,1,1,392192.8399,220,2,door
315727.428,234794.1401,5.4460001,255,0,255,12,-18,0,1,1,1,392192.8399,207,2,door
315727.53,234794.251,5.4460001,255,0,255,12,-18,0,1,1,1,392192.8399,148,2,door
315727.6331,234794.3608,5.44799995,255,0,255,12,-18,0,1,1,1,392192.8399,228,2,door
315727.731,234794.4668,5.45599985,255,0,255,12,-18,0,1,1,1,392192.8399,241,2,door
315726.502,234792.686,5.35699987,255,0,255,12,-18,0,1,3,3,392192.8211,41,4,door
315727.845,234794.271,8.49600029,255,0,255,12,-18,0,1,2,1,392192.8211,120,4,door
315727.2469,234793.4951,5.46799994,255,0,255,12,-18,0,1,2,2,392192.8211,52,2,door
315727.35,234793.605,5.44999981,255,0,255,12,-18,0,1,1,1,392192.8211,201,2,door
315727.459,234793.7222,5.44700003,255,0,255,12,-18,0,1,1,1,392192.8211,201,2,door
315727.558,234793.8291,5.45100021,255,0,255,12,-18,0,1,1,1,392192.8211,223,2,door
315727.666,234793.9458,5.4460001,255,0,255,12,-18,0,1,1,1,392192.8211,189,2,door
315727.767,234794.0552,5.454,255,0,255,12,-18,0,1,1,1,392192.8211,395,2,door
315727.866,234794.1611,5.44500017,255,0,255,12,-18,0,1,1,1,392192.8211,242,2,door
315727.964,234794.2671,5.44700003,255,0,255,12,-18,0,1,1,1,392192.8211,346,2,door
315726.42,234792.8491,5.33599997,255,0,255,12,-18,0,1,2,2,392192.8305,36,4,door
315727.762,234794.4331,8.47599983,255,0,255,12,-18,0,1,2,1,392192.8305,45,4,door
315727.168,234793.6621,5.46099997,255,0,255,12,-18,0,1,2,2,392192.8305,125,2,door
315727.272,234793.7729,5.45100021,255,0,255,12,-18,0,1,1,1,392192.8305,207,2,door
315727.379,234793.8901,5.44899988,255,0,255,12,-18,0,1,1,1,392192.8305,210,2,door
315727.48,234793.998,5.44399977,255,0,255,12,-18,0,1,1,1,392192.8305,183,2,door
315727.588,234794.1152,5.44899988,255,0,255,12,-18,0,1,1,1,392192.8305,201,2,door
315727.687,234794.2212,5.44299984,255,0,255,12,-18,0,1,1,1,392192.8305,476,2,door
315727.785,234794.3262,5.44000006,255,0,255,12,-18,0,1,1,1,392192.8305,210,2,door
315727.887,234794.436,5.44199991,255,0,255,12,-18,0,1,1,1,392192.8305,177,2,door
315728.125,234794.0381,5.44299984,255,0,255,12,-18,0,1,1,1,392192.8025,220,2,door
315727.9139,234794.1641,8.71800041,255,0,255,12,-18,0,1,1,1,392192.8117,208,4,door
315727.381,234793.4482,5.46700001,255,0,255,12,-18,0,1,1,1,392192.8117,210,2,door
315727.483,234793.5591,5.46000004,255,0,255,12,-18,0,1,1,1,392192.8117,214,2,door
315727.5861,234793.6689,5.45699978,255,0,255,12,-18,0,1,1,1,392192.8117,226,2,door
315727.694,234793.7852,5.45800018,255,0,255,12,-18,0,1,1,1,392192.8119,172,2,door
315727.796,234793.896,5.46099997,255,0,255,12,-18,0,1,1,1,392192.8119,300,2,door
315727.89,234793.9961,5.44899988,255,0,255,12,-18,0,1,1,1,392192.8119,410,2,door
315727.991,234794.105,5.44399977,255,0,255,12,-18,0,1,1,1,392192.8119,290,2,door
315727.828,234793.6309,6.9920001,255,0,255,12,-18,0,1,2,1,392192.7931,13,4,door
315727.524,234793.2378,5.45800018,255,0,255,12,-18,0,1,2,2,392192.7931,190,2,door
315727.861,234793.6519,6.65100002,255,0,255,12,-18,0,1,2,1,392192.7931,12,4,door
315727.625,234793.3472,5.45800018,255,0,255,12,-18,0,1,2,2,392192.7931,236,2,door
315727.754,234793.4902,5.5630002,255,0,255,12,-18,0,1,1,1,392192.7931,241,4,door
315727.89,234793.646,5.75899982,255,0,255,12,-18,0,1,1,1,392192.7931,110,4,door
315727.967,234793.7231,5.63199997,255,0,255,12,-18,0,1,1,1,392192.7931,150,4,door
315728.0389,234793.7949,5.4920001,255,0,255,12,-18,0,1,1,1,392192.7931,217,2,door
315728.139,234793.9009,5.45200014,255,0,255,12,-18,0,1,1,1,392192.7931,283,2,door
315728.239,234794.0078,5.4380002,255,0,255,12,-18,0,1,1,1,392192.7931,121,2,door
315728.02,234794.0591,8.56799984,255,0,255,12,-18,0,1,2,1,392192.8025,99,4,door
315727.408,234793.2651,5.47100019,255,0,255,12,-18,0,1,2,2,392192.8025,23,2,door
315727.516,234793.3818,5.45800018,255,0,255,12,-18,0,1,1,1,392192.8025,239,2,door
315727.616,234793.4902,5.46199989,255,0,255,12,-18,0,1,1,1,392192.8025,219,2,door
315727.72,234793.6021,5.45200014,255,0,255,12,-18,0,1,1,1,392192.8025,251,2,door
315727.821,234793.7109,5.45499992,255,0,255,12,-18,0,1,1,1,392192.8025,175,2,door
315727.923,234793.8208,5.454,255,0,255,12,-18,0,1,1,1,392192.8025,374,2,door
315728.021,234793.9258,5.4460001,255,0,255,12,-18,0,1,1,1,392192.8025,267,2,door
315728.019,234793.96,5.45900011,255,0,255,13,-2,0,1,3,3,392484.1401,214,2,door
315728.1169,234794.0698,5.45499992,255,0,255,13,-2,0,1,1,1,392484.1401,273,2,door
315728.264,234793.7959,5.48500013,255,0,255,13,-2,0,1,1,1,392484.1213,259,2,door
315727.821,234794.2148,5.45499992,255,0,255,13,-2,0,1,2,2,392484.1588,145,2,door
315727.913,234794.3188,5.46299982,255,0,255,13,-2,0,1,1,1,392484.1588,332,2,door
315728.12,234793.874,5.63800001,255,0,255,13,-2,0,1,1,1,392484.1307,133,4,door
315728.2111,234793.9658,5.45800018,255,0,255,13,-2,0,1,1,1,392484.1307,236,2,door
315727.918,234794.021,5.54300022,255,0,255,13,-2,0,1,3,3,392484.1494,11,2,door
315728.02,234794.1309,5.46000004,255,0,255,13,-2,0,1,1,1,392484.1494,316,2,door
315727.526,234794.5112,5.45699978,255,0,255,13,-2,0,1,3,3,392484.187,10,2,door
315727.618,234794.6162,5.45900011,255,0,255,13,-2,0,1,1,1,392484.187,244,2,door
315727.705,234794.7148,5.46199989,255,0,255,13,-2,0,1,1,1,392484.187,321,2,door
315727.757,234794.2998,5.45800018,255,0,255,13,-2,0,1,2,2,392484.1682,89,2,door
315727.851,234794.4058,5.46400023,255,0,255,13,-2,0,1,1,1,392484.1682,303,2,door
315727.62,234794.4399,5.46000004,255,0,255,13,-2,0,1,3,3,392484.1776,91,2,door
315727.715,234794.5469,5.46500015,255,0,255,13,-2,0,1,1,1,392484.1776,245,2,door
315727.277,234794.998,5.45900011,255,0,255,13,-2,0,1,1,1,392484.2151,150,2,door
315727.3621,234795.0942,5.46799994,255,0,255,13,-2,0,1,1,1,392484.2151,209,2,door
315727.446,234794.7251,5.46999979,255,0,255,13,-2,0,1,2,2,392484.1964,233,2,door
315727.542,234794.832,5.46600008,255,0,255,13,-2,0,1,1,1,392484.1964,201,2,door
315727.442,234794.958,5.45699978,255,0,255,13,-2,0,1,1,1,392484.2058,152,2,door
315726.989,234795.4141,5.47300005,255,0,255,13,-2,0,1,2,2,392484.2433,21,2,door
315727.073,234795.5068,5.44700003,255,0,255,13,-2,0,1,2,2,392484.2433,76,2,door
315727.167,234795.0659,5.45900011,255,0,255,13,-2,0,1,1,1,392484.2245,31,4,door
315726.807,234795.502,5.46799994,255,0,255,13,-2,0,1,1,1,392484.2527,268,2,door
315726.895,234795.6021,5.46400023,255,0,255,13,-2,0,1,1,1,392484.2527,260,2,door
315726.985,234795.7041,5.46199989,255,0,255,13,-2,0,1,1,1,392484.2527,136,2,door
315727.199,234795.4771,5.50899982,255,0,255,13,-2,0,1,2,2,392484.2339,12,4,door
315726.47,234795.8882,5.46899986,255,0,255,13,-2,0,1,2,2,392484.2807,67,2,door
315726.568,234796,5.46899986,255,0,255,13,-2,0,1,1,1,392484.2807,214,2,door
315726.653,234796.0952,5.45800018,255,0,255,13,-2,0,1,1,1,392484.2807,211,2,door
315726.754,234795.6372,5.46700001,255,0,255,13,-2,0,1,1,1,392484.2621,345,2,door
315726.85,234795.7461,5.45900011,255,0,255,13,-2,0,1,1,1,392484.2621,167,2,door
315726.3621,234795.9941,5.45300007,255,0,255,13,-2,0,1,3,3,392484.2901,18,2,door
315726.449,234796.0928,5.45900011,255,0,255,13,-2,0,1,1,1,392484.2901,169,2,door
315726.537,234796.1929,5.45900011,255,0,255,13,-2,0,1,1,1,392484.2901,151,2,door
315726.639,234795.7979,5.46400023,255,0,255,13,-2,0,1,1,1,392484.2715,240,2,door
315726.726,234795.897,5.46199989,255,0,255,13,-2,0,1,1,1,392484.2715,222,2,door
315726.816,234796.001,5.46600008,255,0,255,13,-2,0,1,1,1,392484.2715,333,2,door
315726.335,234796.1421,5.46099997,255,0,255,13,-2,0,1,2,2,392484.2995,110,2,door
315726.424,234796.2441,5.46700001,255,0,255,13,-2,0,1,1,1,392484.2995,177,2,door
315726.517,234796.3491,5.46799994,255,0,255,13,-2,0,1,1,1,392484.2995,169,2,door
315726.031,234796.5981,5.47599983,255,0,255,13,-2,0,1,1,1,392484.3277,286,2,door
315726.1169,234796.6948,5.45900011,255,0,255,13,-2,0,1,1,1,392484.3277,637,2,door
315726.2061,234796.7969,5.47900009,255,0,255,13,-2,0,1,1,1,392484.3277,207,2,door
315726.199,234796.353,5.46799994,255,0,255,13,-2,0,1,2,2,392484.3089,152,2,door
315726.293,234796.46,5.46700001,255,0,255,13,-2,0,1,1,1,392484.3089,174,2,door
315726.384,234796.563,5.47100019,255,0,255,13,-2,0,1,1,1,392484.3089,213,2,door
315725.8929,234796.645,5.47200012,255,0,255,13,-2,0,1,2,2,392484.337,110,2,door
315725.98,234796.7441,5.46400023,255,0,255,13,-2,0,1,1,1,392484.337,195,2,door
315726.0699,234796.8472,5.47399998,255,0,255,13,-2,0,1,1,1,392484.337,292,2,door
315726.061,234796.5581,8.64000034,255,0,255,13,-2,0,1,4,3,392484.3183,7,4,door
315726.094,234796.4048,5.47300005,255,0,255,13,-2,0,1,4,4,392484.3183,107,2,door
315726.178,234796.501,5.47399998,255,0,255,13,-2,0,1,1,1,392484.3183,214,2,door
315726.275,234796.6108,5.46899986,255,0,255,13,-2,0,1,1,1,392484.3183,239,2,door
315725.7841,234796.8291,5.47399998,255,0,255,13,-2,0,1,1,1,392484.3464,157,2,door
315725.881,234796.938,5.46500015,255,0,255,13,-2,0,1,1,1,392484.3464,174,2,door
315725.972,234797.043,5.4749999,255,0,255,13,-2,0,1,1,1,392484.3464,220,2,door
315728.2159,234799.2759,8.64099979,255,0,255,13,-1,0,1,2,1,392484.3277,316,4,door
315725.673,234796.9072,5.47200012,255,0,255,13,-2,0,1,3,3,392484.3558,121,2,door
315725.765,234797.0122,5.47300005,255,0,255,13,-2,0,1,1,1,392484.3558,195,2,door
315725.854,234797.1138,5.46999979,255,0,255,13,-2,0,1,1,1,392484.3558,182,2,door
315725.947,234797.2202,5.4749999,255,0,255,13,-2,0,1,1,1,392484.3558,192,2,door
315725.538,234796.979,5.46600008,255,0,255,13,-2,0,1,3,3,392484.3652,16,2,door
315725.623,234797.0781,5.47800016,255,0,255,13,-2,0,1,1,1,392484.3652,159,2,door
315725.718,234797.186,5.4749999,255,0,255,13,-2,0,1,1,1,392484.3652,174,2,door
315725.802,234797.2808,5.47399998,255,0,255,13,-2,0,1,1,1,392484.3652,169,2,door
315725.944,234797.6128,8.32900047,255,0,255,13,-2,0,1,2,1,392484.3652,62,4,door
315725.5129,234797.0928,5.47599983,255,0,255,13,-2,0,1,2,2,392484.3746,223,2,door
315725.6,234797.1909,5.47399998,255,0,255,13,-2,0,1,1,1,392484.3746,260,2,door
315725.6851,234797.2891,5.47800016,255,0,255,13,-2,0,1,1,1,392484.3746,264,2,door
315725.775,234797.3921,5.47900009,255,0,255,13,-2,0,1,1,1,392484.3746,288,2,door
315726.338,234795.7559,6.30499983,255,0,255,21,-22,0,1,2,2,394527.918,10,4,door
315726.302,234795.8442,6.14400005,255,0,255,21,-22,0,1,2,2,394527.918,96,2,door
315726.235,234795.9951,6.12799978,255,0,255,21,-22,0,1,1,1,394527.918,107,2,door
315726.163,234796.1548,6.17299986,255,0,255,21,-22,0,1,1,1,394527.918,310,2,door
315726.1021,234796.292,6.13800001,255,0,255,21,-22,0,1,1,1,394527.918,122,2,door
315725.829,234796.8662,7.34800005,255,0,255,21,-22,0,1,2,1,394527.918,140,4,door
315726.048,234796.416,6.08199978,255,0,255,21,-22,0,1,2,2,394527.918,21,4,door
315725.816,234796.9058,7.01999998,255,0,255,21,-21,0,1,3,2,394527.918,43,4,door
315725.969,234796.5908,6.13199997,255,0,255,21,-21,0,1,3,3,394527.918,34,2,door
315725.629,234796.7988,7.28100014,255,0,255,21,-22,0,1,3,2,394527.9272,15,4,door
315725.817,234796.4111,6.19000006,255,0,255,21,-22,0,1,3,3,394527.9272,8,4,door
315725.663,234796.7402,6.71000004,255,0,255,21,-21,0,1,2,2,394527.9272,13,4,door
315727.499,234794.2192,5.48000002,255,0,255,21,-22,0,1,2,2,394527.8992,36,2,door
315727.4301,234794.375,5.48500013,255,0,255,21,-22,0,1,2,2,394527.8992,132,2,door
315727.363,234794.5259,5.48400021,255,0,255,21,-22,0,1,1,1,394527.8992,244,2,door
315727.293,234794.6831,5.4920001,255,0,255,21,-22,0,1,1,1,394527.8992,368,2,door
315727.2271,234794.8291,5.48199987,255,0,255,21,-22,0,1,1,1,394527.8992,214,2,door
315727.165,234794.9702,5.47599983,255,0,255,21,-22,0,1,1,1,394527.8992,63,2,door
315727.095,234795.127,5.48600006,255,0,255,21,-22,0,1,1,1,394527.8992,185,2,door
315726.701,234795.9492,7.35300016,255,0,255,21,-22,0,1,2,1,394527.8992,9,4,door
315727.028,234795.2759,5.47700024,255,0,255,21,-22,0,1,2,2,394527.8992,198,2,door
315726.666,234796.0352,7.14599991,255,0,255,21,-22,0,1,2,1,394527.8992,99,4,door
315726.9561,234795.438,5.48199987,255,0,255,21,-22,0,1,2,2,394527.8992,128,2,door
315726.676,234796.0269,6.72700024,255,0,255,21,-22,0,1,2,1,394527.8992,176,4,door
315726.899,234795.5669,5.44099998,255,0,255,21,-22,0,1,2,2,394527.8992,33,2,door
315726.681,234796.0298,6.27600002,255,0,255,21,-22,0,1,1,1,394527.8992,150,4,door
315726.649,234796.1069,6.10400009,255,0,255,21,-22,0,1,1,1,394527.8992,140,2,door
315726.58,234796.2622,6.11899996,255,0,255,21,-22,0,1,1,1,394527.8992,94,2,door
315726.517,234796.4048,6.11800003,255,0,255,21,-22,0,1,1,1,394527.8992,109,2,door
315726.443,234796.5688,6.11999989,255,0,255,21,-22,0,1,1,1,394527.8992,105,2,door
315726.172,234797.1392,7.30000019,255,0,255,21,-22,0,1,2,1,394527.8992,172,4,door
315726.381,234796.709,6.09100008,255,0,255,21,-22,0,1,2,2,394527.8992,33,4,door
315726.17,234797.1548,6.92700005,255,0,255,21,-21,0,1,3,2,394527.8992,50,4,door
315726.312,234796.8652,6.10900021,255,0,255,21,-21,0,1,3,3,394527.8992,46,2,door
315726.603,234795.584,7.6329999,255,0,255,21,-22,0,1,3,3,394527.9084,6,4,door
315726.908,234794.9678,5.5,255,0,255,21,-22,0,1,2,2,394527.9084,38,2,door
315726.8459,234795.1079,5.48899984,255,0,255,21,-22,0,1,1,1,394527.9084,133,2,door
315726.4709,234795.894,7.24100018,255,0,255,21,-22,0,1,2,1,394527.9084,138,4,door
315726.771,234795.2749,5.51599979,255,0,255,21,-22,0,1,2,2,394527.9084,100,2,door
315726.484,234795.8789,6.76800013,255,0,255,21,-22,0,1,2,1,394527.9087,158,4,door
315726.707,234795.4209,5.48999977,255,0,255,21,-22,0,1,2,2,394527.9087,76,2,door
315726.4919,234795.876,6.34000015,255,0,255,21,-22,0,1,1,1,394527.9087,162,4,door
315726.4611,234795.9531,6.12099981,255,0,255,21,-22,0,1,1,1,394527.9087,209,2,door
315726.396,234796.0991,6.11999989,255,0,255,21,-22,0,1,1,1,394527.9087,128,2,door
315726.3311,234796.2441,6.12699986,255,0,255,21,-22,0,1,1,1,394527.9087,82,2,door
315726.2629,234796.397,6.1329999,255,0,255,21,-22,0,1,1,1,394527.9087,95,2,door
315725.986,234796.98,7.33799982,255,0,255,21,-22,0,1,2,1,394527.9087,198,4,door
315726.199,234796.542,6.10599995,255,0,255,21,-22,0,1,2,2,394527.9087,35,2,door
315725.978,234797.0088,6.97599983,255,0,255,21,-21,0,1,3,2,394527.9087,55,4,door
315726.1219,234796.7119,6.13800001,255,0,255,21,-21,0,1,3,3,394527.9087,98,2,door
315727.88,234794.082,5.48400021,255,0,255,21,-22,0,1,1,1,394527.8804,341,2,door
315727.811,234794.2388,5.4749999,255,0,255,21,-22,0,1,1,1,394527.8804,159,2,door
315727.745,234794.3862,5.48199987,255,0,255,21,-22,0,1,1,1,394527.8804,160,2,door
315727.673,234794.5479,5.48199987,255,0,255,21,-22,0,1,1,1,394527.8804,195,2,door
315727.608,234794.6938,5.48799992,255,0,255,21,-22,0,1,1,1,394527.8804,256,2,door
315727.543,234794.8408,5.48600006,255,0,255,21,-22,0,1,1,1,394527.8804,167,2,door
315727.48,234794.9819,5.4829998,255,0,255,21,-22,0,1,1,1,394527.8804,150,2,door
315727.406,234795.1479,5.48400021,255,0,255,21,-22,0,1,1,1,394527.8804,132,2,door
315726.948,234796.1172,7.34200001,255,0,255,21,-22,0,1,2,1,394527.8804,8,4,door
315726.916,234796.1938,7.12900019,255,0,255,21,-22,0,1,2,1,394527.8804,90,4,door
315726.922,234796.1968,6.71000004,255,0,255,21,-22,0,1,1,1,394527.8804,213,4,door
315726.927,234796.1968,6.31099987,255,0,255,21,-22,0,1,1,1,394527.8804,141,4,door
315726.897,234796.27,6.10900021,255,0,255,21,-22,0,1,1,1,394527.8804,99,2,door
315726.829,234796.4238,6.11299992,255,0,255,21,-22,0,1,1,1,394527.8804,80,2,door
315726.755,234796.5898,6.11499977,255,0,255,21,-22,0,1,1,1,394527.8804,98,2,door
315726.6899,234796.7349,6.11999989,255,0,255,21,-22,0,1,1,1,394527.8804,85,2,door
315726.423,234797.2988,7.26399994,255,0,255,21,-22,0,1,2,1,394527.8804,107,4,door
315726.6219,234796.8872,6.10599995,255,0,255,21,-22,0,1,2,2,394527.8804,52,2,door
315726.426,234797.3042,6.88000011,255,0,255,21,-22,0,1,3,2,394527.8804,87,4,door
315727.865,234793.7339,5.53100014,255,0,255,21,-22,0,1,2,2,394527.8899,17,2,door
315727.804,234793.8701,5.49499989,255,0,255,21,-22,0,1,3,2,394527.8899,155,4,door
315727.741,234794.0142,5.49599981,255,0,255,21,-22,0,1,1,1,394527.8899,300,2,door
315727.67,234794.1719,5.48400021,255,0,255,21,-22,0,1,1,1,394527.8899,286,2,door
315727.601,234794.3271,5.48199987,255,0,255,21,-22,0,1,1,1,394527.8899,235,2,door
315727.535,234794.4761,5.48400021,255,0,255,21,-22,0,1,1,1,394527.8899,233,2,door
315727.465,234794.6328,5.48899984,255,0,255,21,-22,0,1,1,1,394527.8899,169,2,door
315727.3979,234794.7822,5.48600006,255,0,255,21,-22,0,1,1,1,394527.8899,177,2,door
315727.3361,234794.9219,5.4749999,255,0,255,21,-22,0,1,1,1,394527.8899,169,2,door
315727.266,234795.0791,5.49700022,255,0,255,21,-22,0,1,1,1,394527.8899,96,2,door
315727.199,234795.229,5.48199987,255,0,255,21,-22,0,1,1,1,394527.8899,153,2,door
315726.806,234796.0518,7.32499981,255,0,255,21,-22,0,1,2,1,394527.8899,72,4,door
315727.127,234795.3911,5.48500013,255,0,255,21,-22,0,1,2,2,394527.8899,115,2,door
315726.793,234796.0898,7.03499985,255,0,255,21,-22,0,1,2,1,394527.8899,85,4,door
315727.064,234795.5342,5.4829998,255,0,255,21,-22,0,1,2,2,394527.8899,72,2,door
315726.793,234796.105,6.625,255,0,255,21,-22,0,1,1,1,394527.8899,214,4,door
315726.802,234796.0972,6.20599985,255,0,255,21,-22,0,1,1,1,394527.8899,161,2,door
315726.752,234796.2119,6.11499977,255,0,255,21,-22,0,1,1,1,394527.8899,107,2,door
315726.687,234796.3579,6.1170001,255,0,255,21,-22,0,1,1,1,394527.8899,153,2,door
315726.6169,234796.5151,6.11199999,255,0,255,21,-22,0,1,1,1,394527.8899,99,2,door
315726.327,234797.125,7.39499998,255,0,255,21,-22,0,1,2,1,394527.8899,8,4,door
315726.546,234796.6748,6.12900019,255,0,255,21,-22,0,1,2,2,394527.8899,91,2,door
315726.29,234797.2139,7.22700024,255,0,255,21,-22,0,1,2,1,394527.8899,87,4,door
315726.4821,234796.8198,6.11999989,255,0,255,21,-22,0,1,2,2,394527.8899,61,2,door
315726.267,234797.2749,6.95900011,255,0,255,21,-21,0,1,3,2,394527.8899,21,4,door
315726.41,234796.981,6.13000011,255,0,255,21,-21,0,1,3,3,394527.8899,16,2,door
315727.282,234796.397,7.32999992,255,0,255,21,-22,0,1,2,1,394527.8618,157,4,door
315727.2841,234796.4038,6.954,255,0,255,21,-22,0,1,2,1,394527.8618,84,4,door
315727.276,234796.4341,6.61499977,255,0,255,21,-22,0,1,1,1,394527.8618,220,4,door
315726.809,234797.457,7.36000013,255,0,255,21,-22,0,1,2,1,394527.8618,29,4,door
315726.785,234797.519,7.11600018,255,0,255,21,-22,0,1,2,1,394527.8618,103,4,door
315728.088,234793.8618,7.954,255,0,255,21,-22,0,1,3,3,394527.8711,41,4,door
315728.115,234793.8311,7.05000019,255,0,255,21,-22,0,1,2,2,394527.8711,52,4,door
315728.111,234793.8521,6.65999985,255,0,255,21,-22,0,1,1,1,394527.8711,311,4,door
315728.1169,234793.8511,6.2579999,255,0,255,21,-22,0,1,1,1,394527.8711,276,4,door
315728.116,234793.8652,5.89099979,255,0,255,21,-22,0,1,1,1,394527.8711,244,4,door
315728.114,234793.8799,5.54400015,255,0,255,21,-22,0,1,1,1,394527.8711,136,2,door
315728.052,234794.021,5.47800016,255,0,255,21,-22,0,1,1,1,394527.8711,148,2,door
315727.9821,234794.1792,5.48199987,255,0,255,21,-22,0,1,1,1,394527.8711,194,2,door
315727.9139,234794.3301,5.49499989,255,0,255,21,-22,0,1,1,1,394527.8711,219,2,door
315727.847,234794.4819,5.48899984,255,0,255,21,-22,0,1,1,1,394527.8711,172,2,door
315727.78,234794.6318,5.48000002,255,0,255,21,-22,0,1,1,1,394527.8711,150,2,door
315727.714,234794.7798,5.48999977,255,0,255,21,-22,0,1,1,1,394527.8711,272,2,door
315727.051,234796.2109,7.33699989,255,0,255,21,-22,0,1,2,1,394527.8711,41,4,door
315727.036,234796.2539,7.05800009,255,0,255,21,-22,0,1,2,1,394527.8711,86,4,door
315727.032,234796.2739,6.69299984,255,0,255,21,-22,0,1,1,1,394527.8711,245,4,door
315727.042,234796.2661,6.27199984,255,0,255,21,-22,0,1,1,1,394527.8711,145,4,door
315726.999,234796.3672,6.11199999,255,0,255,21,-22,0,1,1,1,394527.8711,91,2,door
315726.537,234797.3691,7.21999979,255,0,255,21,-22,0,1,2,1,394527.8711,142,4,door
315726.542,234797.3691,6.82499981,255,0,255,21,-22,0,1,3,2,394527.8711,115,4,door
315728.002,234793.77,6.6960001,255,0,255,21,-22,0,1,3,3,394527.8804,153,4,door
315728.007,234793.7729,6.28499985,255,0,255,21,-22,0,1,1,1,394527.8804,248,4,door
315728.007,234793.7842,5.9000001,255,0,255,21,-22,0,1,1,1,394527.8804,183,4,door
315728.002,234793.8052,5.56799984,255,0,255,21,-22,0,1,1,1,394527.8804,122,2,door
315727.948,234793.9302,5.4920001,255,0,255,21,-22,0,1,1,1,394527.8804,183,2,door
315727.373,234796.4912,7.28599977,255,0,255,21,-22,0,1,2,1,394527.8523,203,4,door
315727.384,234796.481,6.8499999,255,0,255,21,-22,0,1,2,1,394527.8523,99,4,door
315727.3831,234796.8979,7.33500004,255,0,255,21,-22,0,1,2,1,394527.843,151,4,door
315727.324,234797.0322,7.29300022,255,0,255,21,-22,0,1,1,1,394527.843,220,4,door
315727.2581,234797.1792,7.27400017,255,0,255,21,-22,0,1,2,1,394527.843,139,4,door
315727.17,234797.374,7.39400005,255,0,255,21,-22,0,1,4,1,394527.843,8,4,door
315727.514,234796.6001,7.38199997,255,0,255,21,-22,0,1,2,1,394527.843,121,4,door
315727.4871,234796.6699,7.12099981,255,0,255,21,-22,0,1,2,1,394527.843,146,4,door
315726.957,234797.4229,7.36299992,255,0,255,21,-22,0,1,2,1,394527.8523,22,4,door
315726.8929,234797.5679,7.35099983,255,0,255,21,-22,0,1,1,1,394527.8523,82,4,door
315727.365,234796.479,6.99900007,255,0,255,22,-7,0,1,1,1,394844.8108,308,4,door
315726.89,234797.4561,7.35599995,255,0,255,22,-7,0,1,2,1,394844.8108,90,4,door
315726.832,234797.562,7.07600021,255,0,255,22,-7,0,1,1,1,394844.8108,276,4,door
315727.2469,234796.3491,7.28999996,255,0,255,22,-7,0,1,2,1,394844.8201,129,4,door
315727.576,234796.5811,7.32000017,255,0,255,22,-7,0,1,2,1,394844.8015,132,4,door
315727.511,234796.7119,7.30800009,255,0,255,22,-7,0,1,1,1,394844.8015,258,2,door
315727.446,234796.8452,7.30900002,255,0,255,22,-7,0,1,1,1,394844.8015,315,2,door
315727.38,234796.978,7.29500008,255,0,255,22,-7,0,1,1,1,394844.8015,279,2,door
315728.234,234793.8711,5.47300005,255,0,255,22,-7,0,1,1,1,394844.8293,177,2,door
315727.1071,234796.2109,7.27400017,255,0,255,22,-7,0,1,2,1,394844.8293,17,4,door
315727.063,234796.2852,6.83300018,255,0,255,22,-7,0,1,1,1,394844.8293,321,4,door
315726.533,234797.3608,6.87599993,255,0,255,22,-7,0,1,1,1,394844.8293,274,4,door
315726.719,234797.4199,7.3039999,255,0,255,22,-7,0,1,2,1,394844.8201,127,4,door
315728.113,234793.8472,6.91300011,255,0,255,22,-7,0,1,3,3,394844.8391,76,4,door
315728.095,234793.8472,5.81899977,255,0,255,22,-7,0,1,2,2,394844.8391,123,4,door
315728.045,234793.938,5.46600008,255,0,255,22,-7,0,1,1,1,394844.8391,249,2,door
315727.9821,234794.0649,5.46600008,255,0,255,22,-7,0,1,1,1,394844.8391,279,2,door
315727.915,234794.1992,5.46099997,255,0,255,22,-7,0,1,1,1,394844.8391,432,2,door
315727.85,234794.332,5.46199989,255,0,255,22,-7,0,1,1,1,394844.8391,163,2,door
315727.778,234794.4761,5.46199989,255,0,255,22,-7,0,1,1,1,394844.8391,251,2,door
315727.7159,234794.603,5.46500015,255,0,255,22,-7,0,1,1,1,394844.8391,169,2,door
315727.644,234794.748,5.46999979,255,0,255,22,-7,0,1,2,2,394844.8391,318,2,door
315727.583,234794.8711,5.46400023,255,0,255,22,-7,0,1,2,2,394844.8391,87,2,door
315727.517,234795.0039,5.45200014,255,0,255,22,-7,0,1,2,2,394844.8391,133,2,door
315726.9821,234796.146,7.28299999,255,0,255,22,-7,0,1,2,1,394844.8391,48,4,door
315726.942,234796.2051,6.64499998,255,0,255,22,-7,0,1,1,1,394844.8391,264,4,door
315726.8979,234796.2759,6.08900023,255,0,255,22,-7,0,1,1,1,394844.8391,117,2,door
315726.826,234796.4219,6.09000015,255,0,255,22,-7,0,1,1,1,394844.8391,155,2,door
315726.765,234796.5459,6.09499979,255,0,255,22,-7,0,1,1,1,394844.8391,167,2,door
315726.6949,234796.688,6.0999999,255,0,255,22,-7,0,1,1,1,394844.8391,193,2,door
315726.632,234796.8149,6.10400009,255,0,255,22,-7,0,1,1,1,394844.8391,195,2,door
315726.564,234796.9512,6.10900021,255,0,255,22,-7,0,1,1,1,394844.8391,195,2,door
315726.457,234797.207,7.30700016,255,0,255,22,-7,0,1,2,1,394844.8391,14,4,door
315726.504,234797.0742,6.1170001,255,0,255,22,-7,0,1,2,2,394844.8391,276,2,door
315726.413,234797.2739,6.63199997,255,0,255,22,-7,0,1,1,1,394844.8391,314,4,door
315728.172,234793.9951,5.44899988,255,0,255,22,-7,0,1,1,1,394844.8293,217,2,door
315728.106,234794.1299,5.46000004,255,0,255,22,-7,0,1,1,1,394844.8293,226,2,door
315728.0439,234794.2549,5.45599985,255,0,255,22,-7,0,1,1,1,394844.8293,204,2,door
315727.973,234794.3979,5.46099997,255,0,255,22,-7,0,1,1,1,394844.8293,279,2,door
315727.48,234794.4629,5.49599981,255,0,255,22,-7,0,1,2,2,394844.8484,12,4,door
315727.41,234794.603,5.46899986,255,0,255,22,-7,0,1,3,3,394844.8484,44,4,door
315727.22,234794.9878,5.46400023,255,0,255,22,-7,0,1,2,2,394844.8484,41,2,door
315727.15,234795.1299,5.46400023,255,0,255,22,-7,0,1,1,1,394844.8484,250,2,door
315727.083,234795.2651,5.47200012,255,0,255,22,-7,0,1,1,1,394844.8484,171,2,door
315727.0179,234795.396,5.46299982,255,0,255,22,-7,0,1,1,1,394844.8484,183,2,door
315726.948,234795.5361,5.46999979,255,0,255,22,-7,0,1,1,1,394844.8484,276,2,door
315726.884,234795.667,5.45599985,255,0,255,22,-7,0,1,1,1,394844.8484,177,2,door
315726.748,234796.002,7.296,255,0,255,22,-7,0,1,2,1,394844.8484,51,4,door
315726.822,234795.791,5.46099997,255,0,255,22,-7,0,1,2,2,394844.8484,135,2,door
315726.705,234796.0708,6.75400019,255,0,255,22,-7,0,1,2,1,394844.8484,158,4,door
315726.728,234796.0059,6.1869998,255,0,255,22,-7,0,1,2,2,394844.8484,100,4,door
315726.663,234796.1338,6.08799982,255,0,255,22,-7,0,1,1,1,394844.8484,129,2,door
315726.592,234796.2778,6.10300016,255,0,255,22,-7,0,1,1,1,394844.8484,131,2,door
315726.531,234796.4009,6.0999999,255,0,255,22,-7,0,1,1,1,394844.8484,151,2,door
315726.4611,234796.542,6.10200024,255,0,255,22,-7,0,1,1,1,394844.8484,169,2,door
315726.396,234796.6729,6.11199999,255,0,255,22,-7,0,1,1,1,394844.8484,135,2,door
315726.3311,234796.8062,6.11499977,255,0,255,22,-7,0,1,1,1,394844.8484,192,2,door
315726.222,234797.0659,7.34200001,255,0,255,22,-7,0,1,2,1,394844.8484,16,4,door
315726.27,234796.9282,6.11600018,255,0,255,22,-7,0,1,2,2,394844.8484,220,2,door
315726.179,234797.1299,6.65600014,255,0,255,22,-7,0,1,1,1,394844.8484,289,4,door
315725.979,234797.5908,8.36600018,255,0,255,22,-7,0,1,2,1,394844.8484,14,4,door
315726.6121,234795.9619,7.27799988,255,0,255,22,-7,0,1,2,1,394844.8576,248,4,door
315726.684,234795.7559,5.47599983,255,0,255,22,-7,0,1,2,2,394844.8576,92,2,door
315726.573,234796.02,6.68400002,255,0,255,22,-7,0,1,2,1,394844.8576,60,4,door
315726.597,234795.9541,6.10900021,255,0,255,22,-7,0,1,2,2,394844.8576,133,4,door
315726.525,234796.0981,6.09499979,255,0,255,22,-7,0,1,1,1,394844.8576,96,2,door
315726.458,234796.2319,6.10099983,255,0,255,22,-7,0,1,1,1,394844.8576,151,2,door
315726.3929,234796.3628,6.0999999,255,0,255,22,-7,0,1,1,1,394844.8576,150,2,door
315726.325,234796.501,6.10500002,255,0,255,22,-7,0,1,1,1,394844.8576,254,2,door
315726.2581,234796.6362,6.11000013,255,0,255,22,-7,0,1,1,1,394844.8576,184,2,door
315726.197,234796.7578,6.11399984,255,0,255,22,-7,0,1,1,1,394844.8576,225,2,door
315726.0861,234797.0239,7.30700016,255,0,255,22,-7,0,1,2,1,394844.8576,157,4,door
315726.132,234796.8911,6.125,255,0,255,22,-7,0,1,2,2,394844.8576,101,2,door
315726.0551,234797.0542,6.36800003,255,0,255,22,-7,0,1,1,1,394844.8576,329,4,door
315726.017,234797.1011,5.48199987,255,0,255,22,-7,0,1,1,1,394844.8576,150,2,door
315726.0229,234796.397,6.1170001,255,0,255,22,-7,0,1,2,2,394844.8762,27,2,door
315725.96,234796.522,6.10400009,255,0,255,22,-7,0,1,2,2,394844.8762,110,2,door
315725.895,234796.6538,6.10900021,255,0,255,22,-7,0,1,1,1,394844.8762,285,2,door
315725.791,234796.8979,7.17700005,255,0,255,22,-7,0,1,2,1,394844.8762,229,4,door
315725.832,234796.7808,6.12799978,255,0,255,22,-7,0,1,2,2,394844.8762,64,4,door
315725.76,234796.9229,6.09600019,255,0,255,22,-7,0,1,1,1,394844.8762,325,4,door
315725.718,234796.9868,5.47300005,255,0,255,22,-7,0,1,1,1,394844.8762,209,4,door
315725.652,234797.1191,5.47200012,255,0,255,22,-7,0,1,2,2,394844.8762,225,4,door
315727.016,234795.0879,5.49100018,255,0,255,22,-7,0,1,2,2,394844.8576,22,2,door
315726.946,234795.228,5.46899986,255,0,255,22,-7,0,1,2,2,394844.8576,147,2,door
315726.884,234795.3521,5.46099997,255,0,255,22,-7,0,1,2,2,394844.8576,178,2,door
315726.812,234795.498,5.46400023,255,0,255,22,-7,0,1,1,1,394844.8576,187,2,door
315726.75,234795.6221,5.46400023,255,0,255,22,-7,0,1,1,1,394844.8576,373,2,door
315726.413,234795.9092,6.10400009,255,0,255,22,-7,0,1,2,2,394844.8669,33,2,door
315726.3459,234796.043,6.09700012,255,0,255,22,-7,0,1,2,2,394844.8669,97,2,door
315726.275,234796.188,6.10500002,255,0,255,22,-7,0,1,2,2,394844.8669,168,2,door
315726.212,234796.314,6.1079998,255,0,255,22,-7,0,1,1,1,394844.8669,125,2,door
315726.142,234796.4551,6.10900021,255,0,255,22,-7,0,1,1,1,394844.8669,264,2,door
315726.079,234796.5811,6.11000013,255,0,255,22,-7,0,1,1,1,394844.8669,177,2,door
315726.0129,234796.7139,6.11600018,255,0,255,22,-7,0,1,1,1,394844.8669,245,2,door
315725.9091,234796.96,7.19299984,255,0,255,22,-7,0,1,1,1,394844.8669,214,4,door
315725.882,234796.9771,6.07200003,255,0,255,22,-7,0,1,1,1,394844.8669,429,2,door
315725.837,234797.0459,5.47300005,255,0,255,22,-7,0,1,1,1,394844.8669,153,4,door
315725.772,234797.1768,5.46799994,255,0,255,22,-7,0,1,2,2,394844.8669,133,4,door
315726.499,234795.9399,6.5999999,255,0,255,23,10,0,1,4,4,395108.3157,31,4,door
315726.525,234795.9482,7.32000017,255,0,255,23,10,0,1,3,3,395108.3157,86,2,door
315726.296,234796.228,6.1079998,255,0,255,23,10,0,1,3,3,395108.3157,55,2,door
315726.0081,234796.6841,6.11800003,255,0,255,23,10,0,1,2,2,395108.3157,267,2,door
315725.936,234796.7998,6.13899994,255,0,255,23,10,0,1,2,2,395108.3157,359,2,door
315725.866,234796.9102,6.12200022,255,0,255,23,11,0,1,2,2,395108.3157,455,2,door
315725.869,234796.9419,6.66699982,255,0,255,23,11,0,1,1,1,395108.3157,251,4,door
315725.88,234796.9712,7.32700014,255,0,255,23,11,0,1,2,1,395108.3157,260,4,door
315725.64,234797.2241,5.48999977,255,0,255,23,11,0,1,2,2,395108.3157,105,2,door
315728.239,234793.812,7.1420002,255,0,255,23,10,0,1,5,4,395108.3059,35,4,door
315728.0341,234794.0229,5.47599983,255,0,255,23,10,0,1,5,5,395108.3059,34,2,door
315728.243,234793.8452,7.72300005,255,0,255,23,10,0,1,2,1,395108.3059,31,4,door
315726.504,234795.895,6.04199982,255,0,255,23,10,0,1,1,1,395108.3157,13,4,door
315727.9659,234794.1309,5.46799994,255,0,255,23,10,0,1,2,2,395108.3059,142,2,door
315727.887,234794.2559,5.46600008,255,0,255,23,10,0,1,2,2,395108.3059,173,2,door
315727.8149,234794.3701,5.46899986,255,0,255,23,10,0,1,1,1,395108.3059,239,2,door
315727.743,234794.4839,5.46400023,255,0,255,23,10,0,1,2,2,395108.3059,198,2,door
315727.67,234794.6001,5.46500015,255,0,255,23,10,0,1,1,1,395108.3059,184,2,door
315727.597,234794.7158,5.46299982,255,0,255,23,10,0,1,1,1,395108.3059,245,2,door
315727.531,234794.8198,5.46500015,255,0,255,23,10,0,1,1,1,395108.3059,202,2,door
315727.46,234794.9331,5.46799994,255,0,255,23,10,0,1,1,1,395108.3059,216,2,door
315727.385,234795.0498,5.46600008,255,0,255,23,10,0,1,1,1,395108.3059,216,2,door
315727.308,234795.1738,5.46999979,255,0,255,23,10,0,1,1,1,395108.3059,225,2,door
315727.241,234795.2788,5.46700001,255,0,255,23,10,0,1,1,1,395108.3059,203,2,door
315727.1639,234795.4009,5.46899986,255,0,255,23,10,0,1,1,1,395108.3059,276,2,door
315727.097,234795.5088,5.47300005,255,0,255,23,10,0,1,1,1,395108.3059,251,2,door
315727.0229,234795.625,5.46400023,255,0,255,23,10,0,1,1,1,395108.3059,132,2,door
315726.957,234795.73,5.46700001,255,0,255,23,10,0,1,1,1,395108.3059,236,2,door
315726.879,234795.853,5.46299982,255,0,255,23,10,0,1,1,1,395108.3059,155,2,door
315726.806,234795.9678,5.46700001,255,0,255,23,10,0,1,1,1,395108.3059,345,2,door
315726.74,234796.0771,5.52400017,255,0,255,23,10,0,1,1,1,395108.3059,201,4,door
315726.793,234796.0601,6.50600004,255,0,255,23,10,0,1,1,1,395108.3059,687,4,door
315726.8051,234796.085,7.15899992,255,0,255,23,10,0,1,1,1,395108.3059,314,4,door
315726.6021,234796.335,6.09899998,255,0,255,23,10,0,1,1,1,395108.3059,197,4,door
315726.3149,234796.79,6.11399984,255,0,255,23,10,0,1,2,2,395108.3059,43,2,door
315726.236,234796.916,6.11999989,255,0,255,23,10,0,1,1,1,395108.3059,180,2,door
315726.17,234797.022,6.11999989,255,0,255,23,10,0,1,1,1,395108.3059,276,2,door
315726.114,234797.1182,6.24800014,255,0,255,23,11,0,1,1,1,395108.3059,157,4,door
315726.173,234797.0918,7.21899986,255,0,255,23,11,0,1,1,1,395108.3059,332,4,door
315726.95,234796.2021,6.01800013,255,0,255,23,10,0,1,1,1,395108.2966,495,4,door
315726.957,234796.231,6.61399984,255,0,255,23,10,0,1,1,1,395108.2966,471,4,door
315726.975,234796.25,7.31400013,255,0,255,23,10,0,1,2,1,395108.2966,183,4,door
315726.8199,234796.4131,6.10400009,255,0,255,23,10,0,1,2,2,395108.2966,64,2,door
315726.751,234796.522,6.09299994,255,0,255,23,10,0,1,1,1,395108.2966,135,2,door
315726.678,234796.6392,6.10200024,255,0,255,23,10,0,1,1,1,395108.2966,167,2,door
315726.604,234796.7578,6.11000013,255,0,255,23,10,0,1,1,1,395108.2966,247,2,door
315726.533,234796.8711,6.12099981,255,0,255,23,10,0,1,1,1,395108.2966,238,2,door
315726.46,234796.9868,6.11899996,255,0,255,23,10,0,1,1,1,395108.2966,229,2,door
315726.391,234797.0972,6.12200022,255,0,255,23,10,0,1,1,1,395108.2966,276,2,door
315726.322,234797.2061,6.13000011,255,0,255,23,10,0,1,1,1,395108.2966,306,2,door
315726.328,234797.2378,6.72900009,255,0,255,23,11,0,1,1,1,395108.2966,244,4,door
315727.141,234796.3462,6.61100006,255,0,255,23,10,0,1,1,1,395108.2873,378,4,door
315727.161,234796.3618,7.30499983,255,0,255,23,10,0,1,2,1,395108.2873,168,4,door
315726.514,234797.354,6.7579999,255,0,255,23,11,0,1,1,1,395108.2873,321,4,door
315726.511,234797.3979,7.32299995,255,0,255,23,11,0,1,2,1,395108.2873,34,4,door
315726.333,234797.272,7.32999992,255,0,255,23,11,0,1,2,1,395108.2966,119,4,door
315727.402,234796.5132,7.31099987,255,0,255,23,10,0,1,3,1,395108.2781,94,4,door
315726.76,234797.5381,7.32999992,255,0,255,23,11,0,1,2,1,395108.2781,16,4,door
315729.611,234792.0688,8.59300041,255,0,255,12,-18,0,1,2,1,392192.6336,139,4,door
315729.021,234791.313,5.64699984,255,0,255,12,-18,0,1,2,2,392192.6336,30,4,door
315729.129,234791.4302,5.67000008,255,0,255,12,-18,0,1,1,1,392192.6336,393,4,door
315729.166,234791.3408,5.69500017,255,0,255,12,-18,0,1,1,1,392192.6242,368,4,door
315729.752,234791.9199,8.63000011,255,0,255,12,-18,0,1,2,1,392192.615,195,4,door
315729.167,234791.1719,5.71099997,255,0,255,12,-18,0,1,2,2,392192.615,21,2,door
315729.256,234791.2651,5.65799999,255,0,255,12,-18,0,1,1,1,392192.615,393,2,door
315729.316,234791.1172,5.72300005,255,0,255,12,-18,0,1,1,1,392192.6056,349,4,door
315729.448,234790.9629,5.69199991,255,0,255,12,-18,0,1,1,1,392192.5962,349,4,door
315730.031,234791.5781,8.50699997,255,0,255,12,-18,0,1,2,1,392192.5868,38,4,door
315729.472,234790.8638,5.72100019,255,0,255,12,-18,0,1,2,2,392192.5868,166,4,door
315730.172,234791.3799,8.53999996,255,0,255,12,-18,0,1,2,1,392192.5681,128,4,door
315729.6121,234790.667,5.75699997,255,0,255,12,-18,0,1,2,2,392192.5681,51,4,door
315730.301,234791.1992,8.60000038,255,0,255,12,-18,0,1,2,1,392192.5587,118,4,door
315729.717,234790.4531,5.69399977,255,0,255,12,-18,0,1,2,2,392192.5587,21,4,door
315730.41,234791.1191,8.46399975,255,0,255,12,-18,0,1,2,1,392192.5493,11,4,door
315729.849,234790.4019,5.67199993,255,0,255,12,-18,0,1,2,2,392192.5493,183,4,door
315730.12,234790.5542,6.57200003,255,0,255,12,-18,0,1,1,1,392192.5399,104,4,door
315730.168,234790.5942,6.31500006,255,0,255,12,-18,0,1,1,1,392192.5399,130,4,door
315730.196,234790.6089,5.92199993,255,0,255,12,-18,0,1,1,1,392192.5399,143,4,door
315730.469,234790.7559,6.76300001,255,0,255,12,-18,0,1,1,1,392192.5306,235,4,door
315730.5,234790.7739,6.41099977,255,0,255,12,-18,0,1,1,1,392192.5306,235,4,door
315730.532,234790.7939,6.04500008,255,0,255,12,-18,0,1,1,1,392192.5306,207,4,door
315730.54,234790.9082,8.67000008,255,0,255,12,-18,0,1,1,1,392192.5305,172,4,door
315730.397,234790.7061,7.46899986,255,0,255,12,-18,0,1,1,1,392192.5305,276,4,door
315730.426,234790.7231,7.10300016,255,0,255,12,-18,0,1,1,1,392192.5306,283,4,door
315730.658,234790.7368,8.32999992,255,0,255,12,-18,0,1,1,1,392192.5212,278,4,door
315730.6591,234790.7168,7.80700016,255,0,255,12,-18,0,1,1,1,392192.5212,337,4,door
315730.661,234790.6982,7.29500008,255,0,255,12,-18,0,1,1,1,392192.5212,324,4,door
315730.673,234790.6938,6.84399986,255,0,255,12,-18,0,1,1,1,392192.5212,328,4,door
315730.6801,234790.6812,6.35200024,255,0,255,12,-18,0,1,1,1,392192.5212,254,4,door
315729.624,234792.144,7.47399998,255,0,255,13,-2,0,1,2,1,392483.943,85,4,door
315729.713,234791.9878,8.6960001,255,0,255,13,-2,0,1,2,1,392483.9243,26,4,door
315730.5439,234790.835,6.5710001,255,0,255,13,-2,0,1,3,2,392483.7648,71,4,door
315730.601,234790.8032,7.06099987,255,0,255,13,-2,0,1,3,2,392483.7554,33,4,door
315730.606,234790.7441,5.87699986,255,0,255,13,-2,0,1,3,3,392483.7554,57,4,door
315730.457,234790.8208,7.70100021,255,0,255,21,-23,0,1,2,2,394527.8242,107,2,door
315730.4611,234790.8252,7.28700018,255,0,255,21,-23,0,1,2,2,394527.8242,279,4,door
315730.47,234790.8179,6.88899994,255,0,255,21,-23,0,1,1,1,394527.8242,273,4,door
315730.47,234790.8301,6.51599979,255,0,255,21,-23,0,1,1,1,394527.8242,276,4,door
315730.478,234790.8252,6.11399984,255,0,255,21,-23,0,1,1,1,394527.8242,251,4,door
315730.127,234791.1182,7.76200008,255,0,255,21,-23,0,1,2,2,394527.8335,7,4,door
315730.333,234790.7021,6.26399994,255,0,255,21,-23,0,1,2,2,394527.8335,18,4,door
315730.3311,234790.7178,5.90899992,255,0,255,21,-23,0,1,2,2,394527.8335,72,4,door
315730.573,234790.8389,8.09200001,255,0,255,22,-8,0,1,2,2,394844.7917,28,4,door
315730.554,234790.8481,7.17700005,255,0,255,22,-8,0,1,3,3,394844.7917,90,4,door
315730.537,234790.8491,6.1420002,255,0,255,22,-8,0,1,2,2,394844.7917,181,4,door
315729.588,234792.083,7.08599997,255,0,255,23,9,0,1,4,4,395108.2966,11,4,door
315729.582,234792.1299,7.62400007,255,0,255,23,9,0,1,4,4,395108.2966,17,4,door
